Temperature,Alpha,Task,Loss
0.0,0.0,squad,0.0
0.0,0.0,sst2,0.0
2.0,0.5,squad,4.060093819856644
2.0,0.5,sst2,0.5963737649217268
2.0,0.7,squad,2.5953574819564817
2.0,0.7,sst2,0.5851679708739879
2.0,0.9,squad,1.0531477944155534
2.0,0.9,sst2,0.5279046883417177
4.0,0.5,squad,1.5912609941959381
4.0,0.5,sst2,0.756933272950293
4.0,0.7,squad,1.0529819137354692
4.0,0.7,sst2,0.7949630735952523
4.0,0.9,squad,0.5011105394462744
4.0,0.9,sst2,0.6676198786307553
