{
  "teacher": {
    "em": 85.68590350047303,
    "f1": 92.41941534638163
  },
  "b0": {
    "em_mean": 74.3866288237149,
    "em_std": 0.1963847048494522,
    "f1_mean": 83.27415330769192,
    "f1_std": 0.11977480998450689
  },
  "kd1": {
    "em_mean": 74.46546830652791,
    "em_std": 0.2819236409792142,
    "f1_mean": 83.46788105323873,
    "f1_std": 0.17895748180495374
  },
  "kd2": {
    "em_mean": 74.82182276884264,
    "em_std": 0.292552914369197,
    "f1_mean": 83.54789964002602,
    "f1_std": 0.1596602767039079
  },
  "q8": {
    "em_mean": 63.6802270577105,
    "em_std": 0.0,
    "f1_mean": 75.3258610376968,
    "f1_std": 0.0
  },
  "q4": {
    "em_mean": 0.46357615894039733,
    "em_std": 0.0,
    "f1_mean": 6.769912811324423,
    "f1_std": 0.0
  }
}