{
  "teacher": {
    "accuracy": 0.9426605504587156
  },
  "b0": {
    "accuracy_mean": 0.9071100917431192,
    "accuracy_std": 0.0016218045440058464,
    "runs": [
      0.9094036697247706,
      0.9059633027522935,
      0.9059633027522935
    ]
  },
  "kd1": {
    "accuracy_mean": 0.9071100917431192,
    "accuracy_std": 0.0016218045440058464,
    "runs": [
      0.9059633027522935,
      0.9059633027522935,
      0.9094036697247706
    ]
  },
  "kd3": {
    "accuracy_mean": 0.9097859327217125,
    "accuracy_std": 0.002356427371165488,
    "runs": [
      0.9128440366972477,
      0.9094036697247706,
      0.9071100917431193
    ]
  },
  "q8": {
    "accuracy_mean": 0.9071100917431193,
    "accuracy_std": 0.0
  },
  "q4": {
    "accuracy_mean": 0.6020642201834863,
    "accuracy_std": 0.0
  }
}